reason,total_complaints_all,avg_count_per_model_year,avg_count_when_present,n_model_years_with_reason,overall_share
ELECTRICAL SYSTEM,186522,10.223744792808594,20.96223870532704,8898,0.11893980697676643
POWER TRAIN,163625,8.96870203902653,21.27210088403536,7692,0.10433903730698474
ENGINE,149292,8.183073887305415,21.000422000281333,7109,0.09519928835834601
AIR BAGS,130646,7.161039245779435,20.445383411580593,6390,0.08330926122541377
STEERING,114506,6.276364832273624,18.58260305095748,6162,0.07301723945530081
UNKNOWN OR OTHER,90906,4.982788862091646,12.648671211910393,7187,0.057968186557242195
STRUCTURE,78305,4.292096031572024,10.282994090610638,7615,0.049932885050105055
SERVICE BRAKES,67839,3.7184279763209824,11.097497137248487,6113,0.04325901269285584
ENGINE AND ENGINE COOLING,63299,3.46957903968428,11.12656002812445,5689,0.04036398302517847
VEHICLE SPEED CONTROL,61670,3.3802894102170575,10.913112723411786,5651,0.03932521577217264
SUSPENSION,61209,3.3550208287656216,9.790307101727446,6252,0.03903124910327412
FUEL/PROPULSION SYSTEM,54207,2.971223415917562,9.490021008403362,5712,0.034566271629028096
EXTERIOR LIGHTING,48798,2.674742381056786,9.8303787268332,4964,0.031117105225401016
"SERVICE BRAKES, HYDRAULIC",47318,2.5936198202148653,10.037759864234197,4714,0.03017335106060751
"FUEL SYSTEM, GASOLINE",34073,1.867627713220785,7.8149082568807335,4360,0.0217273889574386
VISIBILITY,28824,1.5799166849375137,6.938854116514203,4154,0.0183802500310865
TIRES,22232,1.2185924139443105,4.036310820624546,5508,0.014176717967357585
ELECTRONIC STABILITY CONTROL (ESC),20777,1.1388401666301249,6.107289829512052,3402,0.013248905595888292
VISIBILITY/WIPER,19359,1.0611159833369874,6.042134831460674,3204,0.012344687078538839
SEAT BELTS,19140,1.0491120368340277,4.767123287671233,4015,0.012205036969018718
WHEELS,18907,1.0363407147555361,3.94060025010421,4798,0.01205645945523704
SEATS,18759,1.028228458671344,5.245805369127517,3576,0.011962084038757688
LATCHES/LOCKS/LINKAGES,14423,0.7905612804209603,5.347793845012977,2697,0.009197139404605903
FORWARD COLLISION AVOIDANCE,12655,0.6936527077395308,8.504704301075268,1488,0.008069735780717445
EQUIPMENT,11134,0.6102828327121246,2.9462820852077267,3779,0.007099837074872227
BACK OVER PREVENTION,5003,0.2742271431703574,5.136550308008213,974,0.003190271680041831
LANE DEPARTURE,3712,0.20346415259811446,4.582716049382716,810,0.002367037472779388
"FUEL SYSTEM, OTHER",3596,0.19710589782942337,2.766153846153846,1300,0.002293067551755032
"FUEL SYSTEM, DIESEL",2842,0.15577724183293137,4.784511784511785,594,0.0018122630650967188
PARKING BRAKE,2599,0.14245779434334577,2.386593204775023,1089,0.0016573088339853527
"SERVICE BRAKES, ELECTRIC",2442,0.13385222538916905,3.6124260355029585,676,0.0015571943719092849
TRACTION CONTROL SYSTEM,2275,0.12469853102389827,2.6827830188679247,848,0.0014507031925035311
"SERVICE BRAKES, AIR",2215,0.12140977855733391,2.0876531573986803,1061,0.001412442888525416
INTERIOR LIGHTING,1382,0.07575093181319886,1.9942279942279941,693,0.0008812623349625846
EQUIPMENT ADAPTIVE/MOBILITY,1356,0.07432580574435431,1.5033259423503327,902,0.0008646828699054014
CHILD SEAT,590,0.03233939925454944,1.3752913752913754,429,0.0003762263224514652
HYBRID PROPULSION SYSTEM,459,0.025158956369217278,3.50381679389313,131,0.00029269132543258055
TRAILER HITCHES,448,0.02455601841701381,1.4688524590163934,305,0.0002856769363699261
ELECTRONIC STABILITY CONTROL,274,0.015018636263977198,1.3173076923076923,208,0.00017472205483339231
FIRERELATED,143,0.007838193378645034,1.1721311475409837,122,9.118705781450766e-05
"CHEST CLIP, BUCKLE, HARNESS",93,0.005097566323174743,1.0941176470588236,85,5.9303471166078414e-05
COMMUNICATION,82,0.0044946283709712785,2.5625,32,5.228908210342398e-05
UNKNOWN,72,0.0039465029598772195,1.0746268656716418,67,4.591236477373813e-05
OTHER/I AM NOT SURE,71,0.003891690418767814,1.0441176470588236,68,4.527469304076954e-05
"CARRY HANDLE, SHELL, BASE",53,0.002905064678798509,1.0816326530612246,49,3.379660184733501e-05
"TETHER, LOWER ANCHOR (ON CAR SEAT OR VEHICLE)",28,0.0015347511510633632,1.037037037037037,27,1.785480852312038e-05
"INSERT, PADDING",21,0.0011510633632975224,1.105263157894737,19,1.3391106392340287e-05
OTHER/UNKNOWN,10,0.0005481254110940583,1.0,10,6.376717329685851e-06
NONE,4,0.00021925016443762334,1.0,4,2.5506869318743406e-06
OTHER,3,0.0001644376233282175,1.0,3,1.913015198905755e-06
I SUSPECT THE CAR SEAT IS COUNTERFEIT,2,0.00010962508221881167,1.0,2,1.2753434659371703e-06
ROLLOVER,2,0.00010962508221881167,1.0,2,1.2753434659371703e-06
"SERVICE BRAKES, HYDRAULIC; AUTOHOLD BRAKE SYSTEM/BRAKE HOLD",2,0.00010962508221881167,1.0,2,1.2753434659371703e-06
TRAILER HARDWARE,1,5.4812541109405835e-05,1.0,1,6.376717329685851e-07
